{
  "name": "dhole-importer",
  "title": "dhole-importer",
  "description": "",
  "systems": ["CoC7"],
  "version": "1.0.0",
  "author": "sazap10",
  "authors": [
    {
      "name": "",
      "email": "",
      "url": ""
    }
  ],
  "scripts": [],
  "esmodules": [
    "dhole-importer.js"
  ],
  "styles": ["dhole-importer.css"],
  "packs": [],
  "languages": [],
  "minimumCoreVersion": "0.7.9",
  "compatibleCoreVersion": "0.7.9",
  "url": "",
  "manifest": "",
  "download": "",
  "license": "",
  "readme": "",
  "bugs": "",
  "changelog": ""
}