{
  "name": "dholes-house-character-importer",
  "title": "Dhole's House Character Importer",
  "description": "Converts an JSON exported character from Dhole's House into a Foundry Actor.",
  "systems": ["CoC7"],
  "version": "1.0.1",
  "author": "sazap10",
  "esmodules": [
    "dholes-house-character-importer.js"
  ],
  "minimumCoreVersion": "0.7.9",
  "compatibleCoreVersion": "0.7.9",
  "url": "https://github.com/sazap10/dholes-house-character-importer",
  "manifest": "https://github.com/sazap10/dholes-house-character-importer/releases/download/v1.0.1/module.json",
  "download": "https://github.com/sazap10/dholes-house-character-importer/releases/download/v1.0.1/dholes-house-character-importer-v1.0.0.zip",
  "license": "https://github.com/sazap10/dholes-house-character-importer/blob/master/LICENSE",
  "readme": "https://github.com/sazap10/dholes-house-character-importer/blob/master/README.md",
  "bugs": "https://github.com/sazap10/dholes-house-character-importer/issues",
  "changelog": "https://github.com/sazap10/dholes-house-character-importer/blob/master/CHANGELOG.md"
}